95,Mguve Kzkivaib,30.01.2015. 11:43,15436,2859
8,Xrcmgzt Bmwkfuen,17.02.2021. 00:43,35680,469
73,Lpvlcc Wkguqpmimb,24.07.2020. 01:45,88088,2081
56,Idwrzsm Dtryplc,24.08.2021. 04:50,77321,2757
82,Lifbmq Mdbemslu,24.11.2021. 07:14,08003,1254
80,Mwslu Qxywktczte,09.03.2016. 07:35,16500,2962
77,Kcwcpd Oxnqnfau,25.12.2020. 19:03,48031,542
98,Bamrw Xrnzjnmspq,18.03.2019. 11:02,47242,2694
98,Dbjsoui Wmtwoftqy,05.05.2020. 15:09,24787,1115
28,Mndyilf Jancwlss,26.08.2019. 18:34,40178,1089
83,Jmyql Qbupowns,18.01.2016. 00:09,14601,1367
52,Fjxidv Tzetbxn,23.07.2015. 16:38,17572,75
8,Tlbjwp Jpppwmh,17.07.2020. 19:55,41673,976
41,Slupnxn Sjbfvji,13.04.2018. 17:35,54518,244
0,Kmvhq Vcxpyfr,07.03.2016. 22:22,82026,2349
59,Trhju Ozwabvbm,22.09.2017. 05:54,75452,923
66,Tkjcc Mpkamtf,27.08.2020. 21:36,21778,1421
69,Dggfbpj Jrcmgpycol,13.11.2016. 15:13,51446,1528
74,Eqahrqy Mrcdrpd,30.07.2020. 03:57,00000,749
44,Ijglqlx Rkynqgwnld,05.05.2020. 13:15,32112,631
5,Iyjveiw Mlkxtcx,20.05.2021. 19:07,54001,449
58,Dfrvuy Carivwirng,22.02.2021. 04:14,53304,900
92,Trpbjnr Nnzhtthe,07.11.2020. 17:53,81413,2683
43,Hgnneq Qvrnvmvmgo,31.05.2017. 18:36,81158,2982
97,Pybeglz Iubduivxv,25.08.2019. 19:06,07141,811
15,Tnkgpqc Mwprvuww,19.10.2016. 10:22,88104,2713
4,Mlaxdsx Iafpkezel,01.06.2015. 21:58,03843,2591
61,Eekze Zlwnvwx,19.05.2020. 07:57,10585,2160
1,Kalyjfl Ayfycayg,01.10.2017. 16:45,20704,759
90,Gkeryl Qagnnqly,08.10.2017. 21:17,44128,1348
71,Cebqje Ydqmgoru,26.03.2017. 00:09,74011,282
35,Jkwua Nnkxsuru,22.02.2016. 20:05,84172,1273
10,Bzazyak Tqqsuqmjrw,13.11.2021. 04:59,38015,901
86,Cisyzd Utdtrucj,14.06.2019. 13:04,66600,1656
27,Xjdicz Ruotwnfl,30.07.2019. 06:22,08625,2403
37,Krqhcy Pckpilevd,21.05.2015. 03:52,00323,668
79,Onjkvw Vetyvtcjiv,06.10.2016. 05:26,24314,1021
72,Etlkzkp Ofhmgss,15.12.2020. 20:25,08001,296
97,Cqbrpmy Iuxmzehol,19.04.2018. 00:35,48115,2762
73,Ffrewqm Rfyzylas,26.02.2019. 00:56,10738,1710
61,Iqupz Dzxtvzvrt,20.08.2017. 06:13,48235,2893
52,Xfupfu Wnbucgfx,28.08.2019. 16:20,12148,2587
42,Zqhdi Whmlgbafno,31.03.2017. 04:08,27055,288
32,Peeju Tbtgvpru,11.07.2021. 18:49,73564,2541
95,Qhopomm Prsnpkyno,11.01.2021. 14:58,87732,2488
38,Vezce Fpllfcrtjs,23.07.2018. 02:23,75177,2351
73,Xwxpx Ltscifzu,15.01.2017. 04:27,20680,1178
36,Gsgddlv Niegjrre,09.01.2018. 21:22,73851,678
69,Oqmdfgc Iweuikiya,07.08.2017. 09:43,22702,275
68,Uushfd Nivjyrdw,24.09.2020. 13:09,13133,1999
4,Cdpcmia Kamnpqhuqa,09.12.2019. 05:53,30224,94
86,Tyqwjyp Hepucosep,08.05.2015. 22:17,16303,1057
97,Tkfseb Jmrtjmlym,06.11.2021. 03:39,31437,2159
85,Ygjwo Pmnntlx,14.09.2016. 04:33,52566,2147
51,Ujhgip Knzigec,12.08.2017. 18:35,50272,676
84,Orwig Lstzgus,19.11.2018. 16:25,12384,855
88,Yxkds Rnddcjlyxr,25.04.2019. 15:11,74403,1613
67,Rdofln Jsuvvwo,18.11.2016. 19:12,06230,1164
10,Hnznzie Dqlcqwskwl,18.12.2020. 19:26,37388,2001
46,Eykyxti Quwalrnd,26.04.2015. 14:16,30034,485
79,Kirwy Kyxwxqbd,16.09.2015. 03:17,03855,429
15,Nkuufn Jwucmlht,28.06.2017. 14:36,55417,2046
36,Iytpdzu Jbwdixxjhl,30.03.2017. 13:16,28881,2582
41,Tlsxxq Aanitmnyo,05.09.2020. 10:53,05203,2728
48,Olmtjic Fwhxnbj,29.09.2021. 04:03,73851,2310
17,Olnikk Iahhzoox,19.05.2017. 10:49,72048,1323
23,Hxvyos Ybvkynrtrg,07.02.2021. 05:01,47106,1951
28,Ldjsvs Ugicjpspo,22.09.2020. 19:51,18122,1254
67,Zxjvptr Jpvcfty,15.03.2016. 09:35,40813,844
49,Sbybfc Eaizftst,09.07.2015. 15:58,84367,1744
89,Ciyjct Dtulwdekd,22.03.2019. 14:10,10828,2695
65,Xmxxmm Hdubjafii,07.12.2015. 15:18,25477,851
43,Xhuvl Cjupyhqz,22.11.2015. 06:34,62681,1537
77,Qaevl Kcgfkvn,29.11.2015. 01:30,18332,2613
85,Gwfknoi Amizgrl,04.03.2016. 15:00,47868,1851
81,Fydzbzl Ywfwfyvsd,05.10.2016. 23:15,14413,2318
85,Lfejsim Cxobhwyq,27.04.2018. 23:50,07542,1529
30,Pftoos Ewsvqrkcq,04.02.2019. 16:48,74315,1189
63,Yhdvr Feajqpmqra,21.07.2020. 12:28,12638,608
55,Nffmtcw Cetzflqgw,11.09.2016. 08:19,77526,721
33,Kqfekvb Jpwmszcm,10.05.2015. 12:35,31363,177
59,Mhvkdf Okkxtzn,13.12.2021. 04:46,75827,921
93,Yrieny Xxcajzdzbt,30.01.2015. 04:41,18434,839
11,Adwfdw Tyzinlh,16.07.2021. 10:47,73080,431
18,Gergda Gdnszyfcm,11.12.2021. 02:15,87674,504
54,Fyuaeq Xeqzadcwo,21.01.2017. 05:39,05185,1644
74,Xcbqni Opjcdgeww,01.07.2019. 04:10,74236,2622
44,Raicbbb Ktcvmyxc,28.08.2017. 11:36,48062,1948
49,Yokutc Jdehlnlb,24.08.2021. 13:57,21044,2888
61,Hjpah Ubstwavgt,22.11.2019. 00:43,73037,1077
67,Paicoww Vvovinj,19.10.2016. 03:42,50575,1832
88,Bavag Tzkqwkd,10.09.2018. 18:13,73436,1063
49,Xdpfrjl Bqxpuife,15.03.2020. 07:39,38547,112
2,Girmkjp Uefhjtdj,19.06.2021. 03:21,55354,441
28,Ahftfx Mvqcsunhw,01.11.2020. 12:20,82504,2325
7,Khaeuop Tjzbbpahy,14.05.2016. 04:38,10006,643
28,Qxgusl Ibcyklzjns,08.01.2018. 08:17,38150,2725
94,Ikytiq Rhksycwfu,28.11.2015. 03:00,05388,1700
18,Xberzg Kzamzybf,05.05.2017. 05:26,33780,771
44,Xudcbxu Tfyajoz,29.11.2021. 00:14,88531,738